Experiment,rev,typ,Created,parent,State,Executor,fit_time,score_time,test_balanced_accuracy,test_matthews,test_matthews_nothing,test_matthews_speech,test_matthews_smoking,test_matthews_drinking,test_matthews_eating,test_recall_nothing,test_recall_speech,test_recall_smoking,test_recall_drinking,test_recall_eating,test_precision_nothing,test_precision_speech,test_precision_smoking,test_precision_drinking,test_precision_eating,test_f1_nothing,test_f1_speech,test_f1_smoking,test_f1_drinking,test_f1_eating,metric,n_estimators,max_depth,min_samples_split,min_samples_leaf,max_features,min_weight_fraction_leaf,compose.dataset,compose.output,prepare.output,prepare.window_size,prepare.window_step,prepare.random_seed,prepare.augment_percent,prepare.augment_params.sigma,prepare.augmenter,prepare.partial_windows,prepare.subsample,diagrams.output,diagrams.restrict,diagrams.columns.xy,diagrams.columns.xz,diagrams.columns.yz,diagrams.params,featurize.output,train_test_split.training_output,train_test_split.test_output,train_test_split.test_proportion,metadata.label_column,metadata.timestamp_column,metadata.correct_labels,metadata.timestamp_multiplier,metadata.signal_columns.acc,metadata.signal_columns.gyro,metadata.scalar_columns,metadata.datetime_column,metadata.patient_column,metadata.measure_column,metadata.augment_column,rfe_reduce.input,rfe_reduce.output,rfe_reduce.rfecv_output,rfe_reduce.cycles_to_run,rfe_reduce.rfe_groups,rfe_reduce.random_seed,rfe_reduce.restrict,crossvalidate.random_seed,crossvalidate.features,crossvalidate.cv,crossvalidate.output_categories,crossvalidate.use_pipeline,crossvalidate.output,model.name,model.n_estimators,directories.data,directories.metrics,model.criterion,model.max_depth,model.max_features,model.max_leaf_nodes,model.min_impurity_decrease,model.min_samples_leaf,model.min_samples_split,model.min_weight_fraction_leaf,model.max_samples,model.oob_score,model.ccp_alpha,model.class_weight,data/data.pkl,data/data_prepared.pkl,data/diagrams.pkl,data/features.pkl,data/features_rank.pkl,data/train_features.pkl,src/compose.py,src/crossvalidate.py,src/data_transformer.py,src/datasets.py,src/diagrams.py,src/feature_list.py,src/featurize.py,src/ml_utils.py,src/optuna_optim.py,src/prepare.py,src/rfe_reduce.py,src/train_test_split.py,src/utils.py
,workspace,baseline,,,,,8.758106565475464,0.05348649024963379,0.8905854834150672,0.8653351601099999,0.832785124239936,0.8695402928648572,0.8679684903671866,0.8562849638991243,0.9027972976841078,0.8731035105745265,0.8812417958731105,0.8614696351028666,0.90983346857482,0.9272790069500129,0.8719909640640544,0.9184684745600127,0.8884303904719528,0.8729047914448629,0.9245852294767621,0.8725214054481807,0.8994377049241129,0.8742601885746215,0.8909447243537854,0.9259186550461125,0.8709088350407483,465,41,3,3,log2,1.9193373690271412e-05,lab_data,data.pkl,data_prepared.pkl,700,100,42,100,5,None,False,False,diagrams.pkl,5000,"['acc_x', 'acc_y']","['acc_x', 'acc_z']","['acc_y', 'acc_z']","[{'dim': 2}, {'dim': 3}, {'dim': 4}, {'dim': 10}, {'dim': 2, 'kind': 'abs'}, {'dim': 10, 'kind': 'abs'}, {'dim': 2, 'kind': 'phi'}, {'dim': 10, 'kind': 'phi'}, {'dim': 2, 'kind': 'abs', 'fil': 'star'}, {'dim': 2, 'kind': 'phi', 'fil': 'star'}, {'dim': 2, 'step': 30}, {'dim': 4, 'step': 30}]",features.pkl,train_features.pkl,test_features.pkl,0.2,acc_gyro_event,acc_gyro_timestamp,"[0, 1, 2, 4, 8]",0.0001,"['acc_x', 'acc_y', 'acc_z']","['gyro_x', 'gyro_y', 'gyro_z']","['patient_id', 'measure_id', 'augmented']",packet_start_time,patient_id,measure_id,augmented,train_features.pkl,features_rank.pkl,rfecv_results.pkl,1,False,0,200,42,100,5,all,False,crossval_results.json,rf,100,data,metrics,,,,,,,,,,,,,2984ed34c838b39c92bb0653cd21d549,457e30030e42049eb2800d6ac406b947,60ff066b3df3b447a4e68ee5b597287e,5ae07da25537a02ba81a4c183437c7db,a6ad43c55063b558cfcc47ad377d8cc0,27367548bbd6425176db1a4bab0a2a83,734de3875c6f0a8e4f36d1d039730544,ec24d9f0e15cd800b190f1d48d537eab,5e0d2c76aec3be8a435cc665206c123a,591e8df16f7bc813dabbf76f5f40eb66,bfd96d38b3cdd85fd1665d062cdc1dd6,605fdd9ad0fe55d69207ec5ea6a29048,106d03f4ee9af7319c218b25a32ea092,d7bb2bcb378079cd00d846125afc3101,8b66b9230f556be0e7d4c55b5ac42059,a5aa152a2fd1b8c7f2d12e06681afeb4,2540bb9a31c2ce09ffb979adcbdf4554,5d14c1d130e8c323a9f37ac9b1127dd3,f6ab57ee0ed26060ce79bb78c23db55e
,full_diagrams/for_publication2,baseline,2025-08-20T20:51:34,,,,8.758106565475464,0.05348649024963379,0.8905854834150672,0.8653351601099999,0.832785124239936,0.8695402928648572,0.8679684903671866,0.8562849638991243,0.9027972976841078,0.8731035105745265,0.8812417958731105,0.8614696351028666,0.90983346857482,0.9272790069500129,0.8719909640640544,0.9184684745600127,0.8884303904719528,0.8729047914448629,0.9245852294767621,0.8725214054481807,0.8994377049241129,0.8742601885746215,0.8909447243537854,0.9259186550461125,0.8709088350407483,465,41,3,3,log2,1.9193373690271412e-05,lab_data,data.pkl,data_prepared.pkl,700,100,42,100,5,None,False,False,diagrams.pkl,5000,"['acc_x', 'acc_y']","['acc_x', 'acc_z']","['acc_y', 'acc_z']","[{'dim': 2}, {'dim': 3}, {'dim': 4}, {'dim': 10}, {'dim': 2, 'kind': 'abs'}, {'dim': 10, 'kind': 'abs'}, {'dim': 2, 'kind': 'phi'}, {'dim': 10, 'kind': 'phi'}, {'dim': 2, 'kind': 'abs', 'fil': 'star'}, {'dim': 2, 'kind': 'phi', 'fil': 'star'}, {'dim': 2, 'step': 30}, {'dim': 4, 'step': 30}]",features.pkl,train_features.pkl,test_features.pkl,0.2,acc_gyro_event,acc_gyro_timestamp,"[0, 1, 2, 4, 8]",0.0001,"['acc_x', 'acc_y', 'acc_z']","['gyro_x', 'gyro_y', 'gyro_z']","['patient_id', 'measure_id', 'augmented']",packet_start_time,patient_id,measure_id,augmented,train_features.pkl,features_rank.pkl,rfecv_results.pkl,1,False,0,200,42,100,5,all,False,crossval_results.json,rf,100,data,metrics,,,,,,,,,,,,,2984ed34c838b39c92bb0653cd21d549,457e30030e42049eb2800d6ac406b947,60ff066b3df3b447a4e68ee5b597287e,5ae07da25537a02ba81a4c183437c7db,a6ad43c55063b558cfcc47ad377d8cc0,27367548bbd6425176db1a4bab0a2a83,734de3875c6f0a8e4f36d1d039730544,ec24d9f0e15cd800b190f1d48d537eab,5e0d2c76aec3be8a435cc665206c123a,591e8df16f7bc813dabbf76f5f40eb66,bfd96d38b3cdd85fd1665d062cdc1dd6,605fdd9ad0fe55d69207ec5ea6a29048,106d03f4ee9af7319c218b25a32ea092,d7bb2bcb378079cd00d846125afc3101,8b66b9230f556be0e7d4c55b5ac42059,a5aa152a2fd1b8c7f2d12e06681afeb4,2540bb9a31c2ce09ffb979adcbdf4554,5d14c1d130e8c323a9f37ac9b1127dd3,f6ab57ee0ed26060ce79bb78c23db55e
freer-lays,3bd3611,branch_commit,2025-08-21T14:40:09,,Success,Dvc-task,23.86262493133545,0.0927194595336914,0.8901343133681283,0.8640705257574031,0.8318940130905286,0.8636137952029566,0.8646136988554687,0.8585368840015049,0.9024106856586892,0.872074178167472,0.8753098233127755,0.8645178182435048,0.9125258203478538,0.9262439267690361,0.8716102874102786,0.9151178723540732,0.8788668374786248,0.8737354189906036,0.9249909614523016,0.871818848981395,0.8947491096234238,0.8712067097917618,0.8926576873605662,0.9255888808448092,0.8709088350407483,465,41,3,3,log2,1.9193373690271412e-05,lab_data,data.pkl,data_prepared.pkl,700,100,42,100,5,None,False,False,diagrams.pkl,5000,"['acc_x', 'acc_y']","['acc_x', 'acc_z']","['acc_y', 'acc_z']","[{'dim': 2}, {'dim': 3}, {'dim': 4}, {'dim': 10}, {'dim': 2, 'kind': 'abs'}, {'dim': 10, 'kind': 'abs'}, {'dim': 2, 'kind': 'phi'}, {'dim': 10, 'kind': 'phi'}, {'dim': 2, 'kind': 'abs', 'fil': 'star'}, {'dim': 2, 'kind': 'phi', 'fil': 'star'}, {'dim': 2, 'step': 30}, {'dim': 4, 'step': 30}]",features.pkl,train_features.pkl,test_features.pkl,0.2,acc_gyro_event,acc_gyro_timestamp,"[0, 1, 2, 4, 8]",0.0001,"['acc_x', 'acc_y', 'acc_z']","['gyro_x', 'gyro_y', 'gyro_z']","['patient_id', 'measure_id', 'augmented']",packet_start_time,patient_id,measure_id,augmented,train_features.pkl,features_rank.pkl,rfecv_results.pkl,1,False,0,200,42,180,5,all,False,crossval_results.json,rf,200,data,metrics,gini,,sqrt,,0.0,1,2,0.0,,False,0.0,balanced,2984ed34c838b39c92bb0653cd21d549,457e30030e42049eb2800d6ac406b947,60ff066b3df3b447a4e68ee5b597287e,5ae07da25537a02ba81a4c183437c7db,a6ad43c55063b558cfcc47ad377d8cc0,27367548bbd6425176db1a4bab0a2a83,734de3875c6f0a8e4f36d1d039730544,ec24d9f0e15cd800b190f1d48d537eab,5e0d2c76aec3be8a435cc665206c123a,591e8df16f7bc813dabbf76f5f40eb66,bfd96d38b3cdd85fd1665d062cdc1dd6,605fdd9ad0fe55d69207ec5ea6a29048,106d03f4ee9af7319c218b25a32ea092,d7bb2bcb378079cd00d846125afc3101,8b66b9230f556be0e7d4c55b5ac42059,a5aa152a2fd1b8c7f2d12e06681afeb4,2540bb9a31c2ce09ffb979adcbdf4554,5d14c1d130e8c323a9f37ac9b1127dd3,f6ab57ee0ed26060ce79bb78c23db55e
solid-puds,5152f4b,branch_commit,2025-08-21T14:38:50,,Success,Dvc-task,22.176987409591675,0.09845414161682128,0.8906523395985891,0.8643833102178838,0.8341933366563614,0.8645036229662957,0.863872969896731,0.8560837369311349,0.9034208875869758,0.8750996728880887,0.8742426474873813,0.8664667943845116,0.9084510136010827,0.9290015696318816,0.8722101212289495,0.9176055569993805,0.875627570525823,0.873840104409352,0.9239067083517376,0.8736307160439291,0.8953617360994356,0.8704891981024965,0.8907707008365099,0.926433794063924,0.8709088350407483,465,41,3,3,log2,1.9193373690271412e-05,lab_data,data.pkl,data_prepared.pkl,700,100,42,100,5,None,False,False,diagrams.pkl,5000,"['acc_x', 'acc_y']","['acc_x', 'acc_z']","['acc_y', 'acc_z']","[{'dim': 2}, {'dim': 3}, {'dim': 4}, {'dim': 10}, {'dim': 2, 'kind': 'abs'}, {'dim': 10, 'kind': 'abs'}, {'dim': 2, 'kind': 'phi'}, {'dim': 10, 'kind': 'phi'}, {'dim': 2, 'kind': 'abs', 'fil': 'star'}, {'dim': 2, 'kind': 'phi', 'fil': 'star'}, {'dim': 2, 'step': 30}, {'dim': 4, 'step': 30}]",features.pkl,train_features.pkl,test_features.pkl,0.2,acc_gyro_event,acc_gyro_timestamp,"[0, 1, 2, 4, 8]",0.0001,"['acc_x', 'acc_y', 'acc_z']","['gyro_x', 'gyro_y', 'gyro_z']","['patient_id', 'measure_id', 'augmented']",packet_start_time,patient_id,measure_id,augmented,train_features.pkl,features_rank.pkl,rfecv_results.pkl,1,False,0,200,42,160,5,all,False,crossval_results.json,rf,200,data,metrics,gini,,sqrt,,0.0,1,2,0.0,,False,0.0,balanced,2984ed34c838b39c92bb0653cd21d549,457e30030e42049eb2800d6ac406b947,60ff066b3df3b447a4e68ee5b597287e,5ae07da25537a02ba81a4c183437c7db,a6ad43c55063b558cfcc47ad377d8cc0,27367548bbd6425176db1a4bab0a2a83,734de3875c6f0a8e4f36d1d039730544,ec24d9f0e15cd800b190f1d48d537eab,5e0d2c76aec3be8a435cc665206c123a,591e8df16f7bc813dabbf76f5f40eb66,bfd96d38b3cdd85fd1665d062cdc1dd6,605fdd9ad0fe55d69207ec5ea6a29048,106d03f4ee9af7319c218b25a32ea092,d7bb2bcb378079cd00d846125afc3101,8b66b9230f556be0e7d4c55b5ac42059,a5aa152a2fd1b8c7f2d12e06681afeb4,2540bb9a31c2ce09ffb979adcbdf4554,5d14c1d130e8c323a9f37ac9b1127dd3,f6ab57ee0ed26060ce79bb78c23db55e
testy-whop,b99f215,branch_commit,2025-08-21T14:37:50,,Success,Dvc-task,20.231169366836546,0.08958649635314941,0.8910308395876447,0.8653249513643868,0.834951607512821,0.8694104239292526,0.8583381947979136,0.8551542554617212,0.9041870680346673,0.8749075214351706,0.8769557978755615,0.8650104659806697,0.9087803646911983,0.9295000479556232,0.8735159128532045,0.922376655288609,0.8665308407749148,0.8722438972380251,0.9245406928574784,0.8741912712433761,0.8990714027141709,0.8652622659853615,0.8901132594158427,0.9270019471786073,0.8709088350407483,465,41,3,3,log2,1.9193373690271412e-05,lab_data,data.pkl,data_prepared.pkl,700,100,42,100,5,None,False,False,diagrams.pkl,5000,"['acc_x', 'acc_y']","['acc_x', 'acc_z']","['acc_y', 'acc_z']","[{'dim': 2}, {'dim': 3}, {'dim': 4}, {'dim': 10}, {'dim': 2, 'kind': 'abs'}, {'dim': 10, 'kind': 'abs'}, {'dim': 2, 'kind': 'phi'}, {'dim': 10, 'kind': 'phi'}, {'dim': 2, 'kind': 'abs', 'fil': 'star'}, {'dim': 2, 'kind': 'phi', 'fil': 'star'}, {'dim': 2, 'step': 30}, {'dim': 4, 'step': 30}]",features.pkl,train_features.pkl,test_features.pkl,0.2,acc_gyro_event,acc_gyro_timestamp,"[0, 1, 2, 4, 8]",0.0001,"['acc_x', 'acc_y', 'acc_z']","['gyro_x', 'gyro_y', 'gyro_z']","['patient_id', 'measure_id', 'augmented']",packet_start_time,patient_id,measure_id,augmented,train_features.pkl,features_rank.pkl,rfecv_results.pkl,1,False,0,200,42,140,5,all,False,crossval_results.json,rf,200,data,metrics,gini,,sqrt,,0.0,1,2,0.0,,False,0.0,balanced,2984ed34c838b39c92bb0653cd21d549,457e30030e42049eb2800d6ac406b947,60ff066b3df3b447a4e68ee5b597287e,5ae07da25537a02ba81a4c183437c7db,a6ad43c55063b558cfcc47ad377d8cc0,27367548bbd6425176db1a4bab0a2a83,734de3875c6f0a8e4f36d1d039730544,ec24d9f0e15cd800b190f1d48d537eab,5e0d2c76aec3be8a435cc665206c123a,591e8df16f7bc813dabbf76f5f40eb66,bfd96d38b3cdd85fd1665d062cdc1dd6,605fdd9ad0fe55d69207ec5ea6a29048,106d03f4ee9af7319c218b25a32ea092,d7bb2bcb378079cd00d846125afc3101,8b66b9230f556be0e7d4c55b5ac42059,a5aa152a2fd1b8c7f2d12e06681afeb4,2540bb9a31c2ce09ffb979adcbdf4554,5d14c1d130e8c323a9f37ac9b1127dd3,f6ab57ee0ed26060ce79bb78c23db55e
runic-mome,88b688f,branch_commit,2025-08-21T14:36:40,,Success,Dvc-task,18.050611209869384,0.09165101051330567,0.8917877897014771,0.867419521507005,0.8341237054706528,0.871286992549629,0.8623585335375632,0.8602406417503342,0.9058877576174286,0.8753109842241026,0.8821774535108835,0.8608740985496202,0.9112325766298699,0.9293438355929095,0.8719629987771021,0.9201635211020598,0.878124334562466,0.8773294733800692,0.9272210183753888,0.8736189378432192,0.9007329395948455,0.8690851592494502,0.8939297878021144,0.9282218513922519,0.8709088350407483,465,41,3,3,log2,1.9193373690271412e-05,lab_data,data.pkl,data_prepared.pkl,700,100,42,100,5,None,False,False,diagrams.pkl,5000,"['acc_x', 'acc_y']","['acc_x', 'acc_z']","['acc_y', 'acc_z']","[{'dim': 2}, {'dim': 3}, {'dim': 4}, {'dim': 10}, {'dim': 2, 'kind': 'abs'}, {'dim': 10, 'kind': 'abs'}, {'dim': 2, 'kind': 'phi'}, {'dim': 10, 'kind': 'phi'}, {'dim': 2, 'kind': 'abs', 'fil': 'star'}, {'dim': 2, 'kind': 'phi', 'fil': 'star'}, {'dim': 2, 'step': 30}, {'dim': 4, 'step': 30}]",features.pkl,train_features.pkl,test_features.pkl,0.2,acc_gyro_event,acc_gyro_timestamp,"[0, 1, 2, 4, 8]",0.0001,"['acc_x', 'acc_y', 'acc_z']","['gyro_x', 'gyro_y', 'gyro_z']","['patient_id', 'measure_id', 'augmented']",packet_start_time,patient_id,measure_id,augmented,train_features.pkl,features_rank.pkl,rfecv_results.pkl,1,False,0,200,42,120,5,all,False,crossval_results.json,rf,200,data,metrics,gini,,sqrt,,0.0,1,2,0.0,,False,0.0,balanced,2984ed34c838b39c92bb0653cd21d549,457e30030e42049eb2800d6ac406b947,60ff066b3df3b447a4e68ee5b597287e,5ae07da25537a02ba81a4c183437c7db,a6ad43c55063b558cfcc47ad377d8cc0,27367548bbd6425176db1a4bab0a2a83,734de3875c6f0a8e4f36d1d039730544,ec24d9f0e15cd800b190f1d48d537eab,5e0d2c76aec3be8a435cc665206c123a,591e8df16f7bc813dabbf76f5f40eb66,bfd96d38b3cdd85fd1665d062cdc1dd6,605fdd9ad0fe55d69207ec5ea6a29048,106d03f4ee9af7319c218b25a32ea092,d7bb2bcb378079cd00d846125afc3101,8b66b9230f556be0e7d4c55b5ac42059,a5aa152a2fd1b8c7f2d12e06681afeb4,2540bb9a31c2ce09ffb979adcbdf4554,5d14c1d130e8c323a9f37ac9b1127dd3,f6ab57ee0ed26060ce79bb78c23db55e
sixty-souk,da4f86e,branch_commit,2025-08-21T14:35:27,,Success,Dvc-task,17.986590528488158,0.08524327278137207,0.8898777130655372,0.8651268512749656,0.835062137441871,0.8703154162615894,0.8564595345781081,0.8551903532719868,0.9030252017135801,0.8720743081479883,0.8819558529389449,0.8579172435487725,0.9096410577355373,0.9278001029564434,0.8762589048638677,0.9189013724689697,0.8699514646907284,0.871580242505009,0.9244563382000447,0.8741479642733243,0.9000260164271323,0.8635459777374933,0.8901831679079842,0.9261080064765089,0.8709088350407483,465,41,3,3,log2,1.9193373690271412e-05,lab_data,data.pkl,data_prepared.pkl,700,100,42,100,5,None,False,False,diagrams.pkl,5000,"['acc_x', 'acc_y']","['acc_x', 'acc_z']","['acc_y', 'acc_z']","[{'dim': 2}, {'dim': 3}, {'dim': 4}, {'dim': 10}, {'dim': 2, 'kind': 'abs'}, {'dim': 10, 'kind': 'abs'}, {'dim': 2, 'kind': 'phi'}, {'dim': 10, 'kind': 'phi'}, {'dim': 2, 'kind': 'abs', 'fil': 'star'}, {'dim': 2, 'kind': 'phi', 'fil': 'star'}, {'dim': 2, 'step': 30}, {'dim': 4, 'step': 30}]",features.pkl,train_features.pkl,test_features.pkl,0.2,acc_gyro_event,acc_gyro_timestamp,"[0, 1, 2, 4, 8]",0.0001,"['acc_x', 'acc_y', 'acc_z']","['gyro_x', 'gyro_y', 'gyro_z']","['patient_id', 'measure_id', 'augmented']",packet_start_time,patient_id,measure_id,augmented,train_features.pkl,features_rank.pkl,rfecv_results.pkl,1,False,0,200,42,100,5,all,False,crossval_results.json,rf,200,data,metrics,gini,,sqrt,,0.0,1,2,0.0,,False,0.0,balanced,2984ed34c838b39c92bb0653cd21d549,457e30030e42049eb2800d6ac406b947,60ff066b3df3b447a4e68ee5b597287e,5ae07da25537a02ba81a4c183437c7db,a6ad43c55063b558cfcc47ad377d8cc0,27367548bbd6425176db1a4bab0a2a83,734de3875c6f0a8e4f36d1d039730544,ec24d9f0e15cd800b190f1d48d537eab,5e0d2c76aec3be8a435cc665206c123a,591e8df16f7bc813dabbf76f5f40eb66,bfd96d38b3cdd85fd1665d062cdc1dd6,605fdd9ad0fe55d69207ec5ea6a29048,106d03f4ee9af7319c218b25a32ea092,d7bb2bcb378079cd00d846125afc3101,8b66b9230f556be0e7d4c55b5ac42059,a5aa152a2fd1b8c7f2d12e06681afeb4,2540bb9a31c2ce09ffb979adcbdf4554,5d14c1d130e8c323a9f37ac9b1127dd3,f6ab57ee0ed26060ce79bb78c23db55e
afoul-toga,843ba1d,branch_commit,2025-08-21T14:34:20,,Success,Dvc-task,14.030523824691773,0.08449091911315917,0.8881607588897668,0.8616282260141359,0.8293838511870959,0.8655878970376776,0.8606235526934686,0.85178591547608,0.9006167820302242,0.8718397835661914,0.8736125485416327,0.8619685936647995,0.9040731805393347,0.9293096881368752,0.8682068097627074,0.9198734668404475,0.8739800079974487,0.871629647692487,0.919422232005973,0.8699888500442661,0.8960856166270323,0.8673683975789801,0.887508842069126,0.9242884176182324,0.8709088350407483,465,41,3,3,log2,1.9193373690271412e-05,lab_data,data.pkl,data_prepared.pkl,700,100,42,100,5,None,False,False,diagrams.pkl,5000,"['acc_x', 'acc_y']","['acc_x', 'acc_z']","['acc_y', 'acc_z']","[{'dim': 2}, {'dim': 3}, {'dim': 4}, {'dim': 10}, {'dim': 2, 'kind': 'abs'}, {'dim': 10, 'kind': 'abs'}, {'dim': 2, 'kind': 'phi'}, {'dim': 10, 'kind': 'phi'}, {'dim': 2, 'kind': 'abs', 'fil': 'star'}, {'dim': 2, 'kind': 'phi', 'fil': 'star'}, {'dim': 2, 'step': 30}, {'dim': 4, 'step': 30}]",features.pkl,train_features.pkl,test_features.pkl,0.2,acc_gyro_event,acc_gyro_timestamp,"[0, 1, 2, 4, 8]",0.0001,"['acc_x', 'acc_y', 'acc_z']","['gyro_x', 'gyro_y', 'gyro_z']","['patient_id', 'measure_id', 'augmented']",packet_start_time,patient_id,measure_id,augmented,train_features.pkl,features_rank.pkl,rfecv_results.pkl,1,False,0,200,42,80,5,all,False,crossval_results.json,rf,200,data,metrics,gini,,sqrt,,0.0,1,2,0.0,,False,0.0,balanced,2984ed34c838b39c92bb0653cd21d549,457e30030e42049eb2800d6ac406b947,60ff066b3df3b447a4e68ee5b597287e,5ae07da25537a02ba81a4c183437c7db,a6ad43c55063b558cfcc47ad377d8cc0,27367548bbd6425176db1a4bab0a2a83,734de3875c6f0a8e4f36d1d039730544,ec24d9f0e15cd800b190f1d48d537eab,5e0d2c76aec3be8a435cc665206c123a,591e8df16f7bc813dabbf76f5f40eb66,bfd96d38b3cdd85fd1665d062cdc1dd6,605fdd9ad0fe55d69207ec5ea6a29048,106d03f4ee9af7319c218b25a32ea092,d7bb2bcb378079cd00d846125afc3101,8b66b9230f556be0e7d4c55b5ac42059,a5aa152a2fd1b8c7f2d12e06681afeb4,2540bb9a31c2ce09ffb979adcbdf4554,5d14c1d130e8c323a9f37ac9b1127dd3,f6ab57ee0ed26060ce79bb78c23db55e
store-vine,e5c0633,branch_commit,2025-08-21T14:33:30,,Success,Dvc-task,12.133449697494507,0.08309059143066407,0.8859640181476861,0.8609805811276073,0.8271367104463871,0.8664095364962598,0.8495912929761861,0.8509674039006665,0.9029115978972506,0.8698225880474576,0.8779219005195845,0.8504888070122911,0.9047647530902273,0.92682204206887,0.8667073195457633,0.916886878129176,0.864392307567352,0.8698030517413896,0.9251816350674897,0.8682464256010591,0.8969666275087421,0.8569048391764642,0.8869041910885581,0.9259739339424607,0.8709088350407483,465,41,3,3,log2,1.9193373690271412e-05,lab_data,data.pkl,data_prepared.pkl,700,100,42,100,5,None,False,False,diagrams.pkl,5000,"['acc_x', 'acc_y']","['acc_x', 'acc_z']","['acc_y', 'acc_z']","[{'dim': 2}, {'dim': 3}, {'dim': 4}, {'dim': 10}, {'dim': 2, 'kind': 'abs'}, {'dim': 10, 'kind': 'abs'}, {'dim': 2, 'kind': 'phi'}, {'dim': 10, 'kind': 'phi'}, {'dim': 2, 'kind': 'abs', 'fil': 'star'}, {'dim': 2, 'kind': 'phi', 'fil': 'star'}, {'dim': 2, 'step': 30}, {'dim': 4, 'step': 30}]",features.pkl,train_features.pkl,test_features.pkl,0.2,acc_gyro_event,acc_gyro_timestamp,"[0, 1, 2, 4, 8]",0.0001,"['acc_x', 'acc_y', 'acc_z']","['gyro_x', 'gyro_y', 'gyro_z']","['patient_id', 'measure_id', 'augmented']",packet_start_time,patient_id,measure_id,augmented,train_features.pkl,features_rank.pkl,rfecv_results.pkl,1,False,0,200,42,60,5,all,False,crossval_results.json,rf,200,data,metrics,gini,,sqrt,,0.0,1,2,0.0,,False,0.0,balanced,2984ed34c838b39c92bb0653cd21d549,457e30030e42049eb2800d6ac406b947,60ff066b3df3b447a4e68ee5b597287e,5ae07da25537a02ba81a4c183437c7db,a6ad43c55063b558cfcc47ad377d8cc0,27367548bbd6425176db1a4bab0a2a83,734de3875c6f0a8e4f36d1d039730544,ec24d9f0e15cd800b190f1d48d537eab,5e0d2c76aec3be8a435cc665206c123a,591e8df16f7bc813dabbf76f5f40eb66,bfd96d38b3cdd85fd1665d062cdc1dd6,605fdd9ad0fe55d69207ec5ea6a29048,106d03f4ee9af7319c218b25a32ea092,d7bb2bcb378079cd00d846125afc3101,8b66b9230f556be0e7d4c55b5ac42059,a5aa152a2fd1b8c7f2d12e06681afeb4,2540bb9a31c2ce09ffb979adcbdf4554,5d14c1d130e8c323a9f37ac9b1127dd3,f6ab57ee0ed26060ce79bb78c23db55e
plush-kale,d437984,branch_commit,2025-08-21T14:32:19,,Success,Dvc-task,10.217106056213378,0.08337178230285644,0.8741567846183805,0.8472506008786181,0.8120779953182566,0.8531681718638964,0.8333797480744994,0.8342371068828879,0.8935951429019473,0.8545899930194517,0.8673309258355308,0.8326954058156721,0.8957033317019644,0.9204642667192839,0.8586333221008393,0.9070771554784025,0.8511424891344221,0.8540134663377593,0.9173388531647019,0.8565891407069431,0.8867349393606437,0.8415860367566872,0.8743247131774528,0.9188798758966724,0.8709088350407483,465,41,3,3,log2,1.9193373690271412e-05,lab_data,data.pkl,data_prepared.pkl,700,100,42,100,5,None,False,False,diagrams.pkl,5000,"['acc_x', 'acc_y']","['acc_x', 'acc_z']","['acc_y', 'acc_z']","[{'dim': 2}, {'dim': 3}, {'dim': 4}, {'dim': 10}, {'dim': 2, 'kind': 'abs'}, {'dim': 10, 'kind': 'abs'}, {'dim': 2, 'kind': 'phi'}, {'dim': 10, 'kind': 'phi'}, {'dim': 2, 'kind': 'abs', 'fil': 'star'}, {'dim': 2, 'kind': 'phi', 'fil': 'star'}, {'dim': 2, 'step': 30}, {'dim': 4, 'step': 30}]",features.pkl,train_features.pkl,test_features.pkl,0.2,acc_gyro_event,acc_gyro_timestamp,"[0, 1, 2, 4, 8]",0.0001,"['acc_x', 'acc_y', 'acc_z']","['gyro_x', 'gyro_y', 'gyro_z']","['patient_id', 'measure_id', 'augmented']",packet_start_time,patient_id,measure_id,augmented,train_features.pkl,features_rank.pkl,rfecv_results.pkl,1,False,0,200,42,40,5,all,False,crossval_results.json,rf,200,data,metrics,gini,,sqrt,,0.0,1,2,0.0,,False,0.0,balanced,2984ed34c838b39c92bb0653cd21d549,457e30030e42049eb2800d6ac406b947,60ff066b3df3b447a4e68ee5b597287e,5ae07da25537a02ba81a4c183437c7db,a6ad43c55063b558cfcc47ad377d8cc0,27367548bbd6425176db1a4bab0a2a83,734de3875c6f0a8e4f36d1d039730544,ec24d9f0e15cd800b190f1d48d537eab,5e0d2c76aec3be8a435cc665206c123a,591e8df16f7bc813dabbf76f5f40eb66,bfd96d38b3cdd85fd1665d062cdc1dd6,605fdd9ad0fe55d69207ec5ea6a29048,106d03f4ee9af7319c218b25a32ea092,d7bb2bcb378079cd00d846125afc3101,8b66b9230f556be0e7d4c55b5ac42059,a5aa152a2fd1b8c7f2d12e06681afeb4,2540bb9a31c2ce09ffb979adcbdf4554,5d14c1d130e8c323a9f37ac9b1127dd3,f6ab57ee0ed26060ce79bb78c23db55e
lucid-tola,caae18d,branch_commit,2025-08-21T14:31:20,,Success,Dvc-task,23.77568006515503,0.09057025909423828,0.8909043024262789,0.8646793086301994,0.8318763389149597,0.8671420088416205,0.8677121082971325,0.8539341951594229,0.9051917592405777,0.8728057702612377,0.8750338556257521,0.8669399420055021,0.9086542808341012,0.9310876634048013,0.87093877656672,0.9208469184826411,0.8825007869837949,0.8706680255322041,0.9245045828861626,0.8717616764678887,0.8972333250420883,0.8738894413295457,0.8891874968622467,0.9276872761071763,0.8709088350407483,465,41,3,3,log2,1.9193373690271412e-05,lab_data,data.pkl,data_prepared.pkl,700,100,42,100,5,None,False,False,diagrams.pkl,5000,"['acc_x', 'acc_y']","['acc_x', 'acc_z']","['acc_y', 'acc_z']","[{'dim': 2}, {'dim': 3}, {'dim': 4}, {'dim': 10}, {'dim': 2, 'kind': 'abs'}, {'dim': 10, 'kind': 'abs'}, {'dim': 2, 'kind': 'phi'}, {'dim': 10, 'kind': 'phi'}, {'dim': 2, 'kind': 'abs', 'fil': 'star'}, {'dim': 2, 'kind': 'phi', 'fil': 'star'}, {'dim': 2, 'step': 30}, {'dim': 4, 'step': 30}]",features.pkl,train_features.pkl,test_features.pkl,0.2,acc_gyro_event,acc_gyro_timestamp,"[0, 1, 2, 4, 8]",0.0001,"['acc_x', 'acc_y', 'acc_z']","['gyro_x', 'gyro_y', 'gyro_z']","['patient_id', 'measure_id', 'augmented']",packet_start_time,patient_id,measure_id,augmented,train_features.pkl,features_rank.pkl,rfecv_results.pkl,1,False,0,200,1,180,5,all,False,crossval_results.json,rf,200,data,metrics,gini,,sqrt,,0.0,1,2,0.0,,False,0.0,balanced,2984ed34c838b39c92bb0653cd21d549,457e30030e42049eb2800d6ac406b947,60ff066b3df3b447a4e68ee5b597287e,5ae07da25537a02ba81a4c183437c7db,a6ad43c55063b558cfcc47ad377d8cc0,27367548bbd6425176db1a4bab0a2a83,734de3875c6f0a8e4f36d1d039730544,ec24d9f0e15cd800b190f1d48d537eab,5e0d2c76aec3be8a435cc665206c123a,591e8df16f7bc813dabbf76f5f40eb66,bfd96d38b3cdd85fd1665d062cdc1dd6,605fdd9ad0fe55d69207ec5ea6a29048,106d03f4ee9af7319c218b25a32ea092,d7bb2bcb378079cd00d846125afc3101,8b66b9230f556be0e7d4c55b5ac42059,a5aa152a2fd1b8c7f2d12e06681afeb4,2540bb9a31c2ce09ffb979adcbdf4554,5d14c1d130e8c323a9f37ac9b1127dd3,f6ab57ee0ed26060ce79bb78c23db55e
rapid-gigs,7095375,branch_commit,2025-08-21T14:30:11,,Success,Dvc-task,22.004055118560792,0.09142632484436035,0.8897172551676815,0.8636626136668719,0.832489944461854,0.8696322430619456,0.8667256037894763,0.8514205515387395,0.9005184391433112,0.8722615313613442,0.8770588980010168,0.8635075719064652,0.908187399488056,0.9275708750815259,0.8722779097699082,0.9226310929731095,0.8840211887776791,0.8674881604949654,0.9208247135161436,0.8721936864889853,0.8992240378660066,0.8729322575897683,0.8873073485197771,0.9241303632084202,0.8709088350407483,465,41,3,3,log2,1.9193373690271412e-05,lab_data,data.pkl,data_prepared.pkl,700,100,42,100,5,None,False,False,diagrams.pkl,5000,"['acc_x', 'acc_y']","['acc_x', 'acc_z']","['acc_y', 'acc_z']","[{'dim': 2}, {'dim': 3}, {'dim': 4}, {'dim': 10}, {'dim': 2, 'kind': 'abs'}, {'dim': 10, 'kind': 'abs'}, {'dim': 2, 'kind': 'phi'}, {'dim': 10, 'kind': 'phi'}, {'dim': 2, 'kind': 'abs', 'fil': 'star'}, {'dim': 2, 'kind': 'phi', 'fil': 'star'}, {'dim': 2, 'step': 30}, {'dim': 4, 'step': 30}]",features.pkl,train_features.pkl,test_features.pkl,0.2,acc_gyro_event,acc_gyro_timestamp,"[0, 1, 2, 4, 8]",0.0001,"['acc_x', 'acc_y', 'acc_z']","['gyro_x', 'gyro_y', 'gyro_z']","['patient_id', 'measure_id', 'augmented']",packet_start_time,patient_id,measure_id,augmented,train_features.pkl,features_rank.pkl,rfecv_results.pkl,1,False,0,200,1,160,5,all,False,crossval_results.json,rf,200,data,metrics,gini,,sqrt,,0.0,1,2,0.0,,False,0.0,balanced,2984ed34c838b39c92bb0653cd21d549,457e30030e42049eb2800d6ac406b947,60ff066b3df3b447a4e68ee5b597287e,5ae07da25537a02ba81a4c183437c7db,a6ad43c55063b558cfcc47ad377d8cc0,27367548bbd6425176db1a4bab0a2a83,734de3875c6f0a8e4f36d1d039730544,ec24d9f0e15cd800b190f1d48d537eab,5e0d2c76aec3be8a435cc665206c123a,591e8df16f7bc813dabbf76f5f40eb66,bfd96d38b3cdd85fd1665d062cdc1dd6,605fdd9ad0fe55d69207ec5ea6a29048,106d03f4ee9af7319c218b25a32ea092,d7bb2bcb378079cd00d846125afc3101,8b66b9230f556be0e7d4c55b5ac42059,a5aa152a2fd1b8c7f2d12e06681afeb4,2540bb9a31c2ce09ffb979adcbdf4554,5d14c1d130e8c323a9f37ac9b1127dd3,f6ab57ee0ed26060ce79bb78c23db55e
surgy-hogs,f153a63,branch_commit,2025-08-21T14:28:58,,Success,Dvc-task,19.965324211120606,0.08860940933227539,0.8890730367212998,0.8635046382805716,0.831514313887159,0.866633585762864,0.8625184295520703,0.8541491433434789,0.9021162704711582,0.8725642984832384,0.874556872069401,0.8601527712967627,0.9095634977037605,0.9285277440533362,0.8706019877844302,0.9205272090408471,0.8795912942764159,0.8701246700929393,0.9222803132236421,0.8715083125195072,0.8968837768692113,0.8688222446697644,0.8893954834096081,0.9253280774463155,0.8709088350407483,465,41,3,3,log2,1.9193373690271412e-05,lab_data,data.pkl,data_prepared.pkl,700,100,42,100,5,None,False,False,diagrams.pkl,5000,"['acc_x', 'acc_y']","['acc_x', 'acc_z']","['acc_y', 'acc_z']","[{'dim': 2}, {'dim': 3}, {'dim': 4}, {'dim': 10}, {'dim': 2, 'kind': 'abs'}, {'dim': 10, 'kind': 'abs'}, {'dim': 2, 'kind': 'phi'}, {'dim': 10, 'kind': 'phi'}, {'dim': 2, 'kind': 'abs', 'fil': 'star'}, {'dim': 2, 'kind': 'phi', 'fil': 'star'}, {'dim': 2, 'step': 30}, {'dim': 4, 'step': 30}]",features.pkl,train_features.pkl,test_features.pkl,0.2,acc_gyro_event,acc_gyro_timestamp,"[0, 1, 2, 4, 8]",0.0001,"['acc_x', 'acc_y', 'acc_z']","['gyro_x', 'gyro_y', 'gyro_z']","['patient_id', 'measure_id', 'augmented']",packet_start_time,patient_id,measure_id,augmented,train_features.pkl,features_rank.pkl,rfecv_results.pkl,1,False,0,200,1,140,5,all,False,crossval_results.json,rf,200,data,metrics,gini,,sqrt,,0.0,1,2,0.0,,False,0.0,balanced,2984ed34c838b39c92bb0653cd21d549,457e30030e42049eb2800d6ac406b947,60ff066b3df3b447a4e68ee5b597287e,5ae07da25537a02ba81a4c183437c7db,a6ad43c55063b558cfcc47ad377d8cc0,27367548bbd6425176db1a4bab0a2a83,734de3875c6f0a8e4f36d1d039730544,ec24d9f0e15cd800b190f1d48d537eab,5e0d2c76aec3be8a435cc665206c123a,591e8df16f7bc813dabbf76f5f40eb66,bfd96d38b3cdd85fd1665d062cdc1dd6,605fdd9ad0fe55d69207ec5ea6a29048,106d03f4ee9af7319c218b25a32ea092,d7bb2bcb378079cd00d846125afc3101,8b66b9230f556be0e7d4c55b5ac42059,a5aa152a2fd1b8c7f2d12e06681afeb4,2540bb9a31c2ce09ffb979adcbdf4554,5d14c1d130e8c323a9f37ac9b1127dd3,f6ab57ee0ed26060ce79bb78c23db55e
extra-knap,3b01ce7,branch_commit,2025-08-21T14:27:54,,Success,Dvc-task,17.91335172653198,0.08790960311889648,0.8878123655373079,0.8630188402125543,0.8307512157643933,0.8687407293214566,0.8593320767692619,0.8504476140467794,0.903339855987683,0.871040825433923,0.8780651825625749,0.8539326584460711,0.9064030139447811,0.9296201472991902,0.870889622241755,0.9203187159051964,0.8795442702940497,0.867681141480263,0.9231079347590052,0.8708892791892062,0.8986248334608489,0.8658490374685186,0.8865813635944519,0.9262894135010191,0.8709088350407483,465,41,3,3,log2,1.9193373690271412e-05,lab_data,data.pkl,data_prepared.pkl,700,100,42,100,5,None,False,False,diagrams.pkl,5000,"['acc_x', 'acc_y']","['acc_x', 'acc_z']","['acc_y', 'acc_z']","[{'dim': 2}, {'dim': 3}, {'dim': 4}, {'dim': 10}, {'dim': 2, 'kind': 'abs'}, {'dim': 10, 'kind': 'abs'}, {'dim': 2, 'kind': 'phi'}, {'dim': 10, 'kind': 'phi'}, {'dim': 2, 'kind': 'abs', 'fil': 'star'}, {'dim': 2, 'kind': 'phi', 'fil': 'star'}, {'dim': 2, 'step': 30}, {'dim': 4, 'step': 30}]",features.pkl,train_features.pkl,test_features.pkl,0.2,acc_gyro_event,acc_gyro_timestamp,"[0, 1, 2, 4, 8]",0.0001,"['acc_x', 'acc_y', 'acc_z']","['gyro_x', 'gyro_y', 'gyro_z']","['patient_id', 'measure_id', 'augmented']",packet_start_time,patient_id,measure_id,augmented,train_features.pkl,features_rank.pkl,rfecv_results.pkl,1,False,0,200,1,120,5,all,False,crossval_results.json,rf,200,data,metrics,gini,,sqrt,,0.0,1,2,0.0,,False,0.0,balanced,2984ed34c838b39c92bb0653cd21d549,457e30030e42049eb2800d6ac406b947,60ff066b3df3b447a4e68ee5b597287e,5ae07da25537a02ba81a4c183437c7db,a6ad43c55063b558cfcc47ad377d8cc0,27367548bbd6425176db1a4bab0a2a83,734de3875c6f0a8e4f36d1d039730544,ec24d9f0e15cd800b190f1d48d537eab,5e0d2c76aec3be8a435cc665206c123a,591e8df16f7bc813dabbf76f5f40eb66,bfd96d38b3cdd85fd1665d062cdc1dd6,605fdd9ad0fe55d69207ec5ea6a29048,106d03f4ee9af7319c218b25a32ea092,d7bb2bcb378079cd00d846125afc3101,8b66b9230f556be0e7d4c55b5ac42059,a5aa152a2fd1b8c7f2d12e06681afeb4,2540bb9a31c2ce09ffb979adcbdf4554,5d14c1d130e8c323a9f37ac9b1127dd3,f6ab57ee0ed26060ce79bb78c23db55e
paled-baby,bc54e0c,branch_commit,2025-08-21T14:26:53,,Success,Dvc-task,18.026637268066406,0.08570351600646972,0.8891896520453428,0.8649452236756396,0.8339695953141544,0.8685399141519854,0.8576580175699908,0.8558608447783442,0.9032891641526355,0.8690327684270344,0.8803292153741372,0.8548612724938961,0.9113724112458442,0.9303525926858022,0.8774327891005086,0.9178291593304069,0.8752004997225281,0.8709793481307966,0.9223799217312791,0.8731297281720451,0.8985678655198353,0.8644319664464281,0.890686363294021,0.9262706253046517,0.8709088350407483,465,41,3,3,log2,1.9193373690271412e-05,lab_data,data.pkl,data_prepared.pkl,700,100,42,100,5,None,False,False,diagrams.pkl,5000,"['acc_x', 'acc_y']","['acc_x', 'acc_z']","['acc_y', 'acc_z']","[{'dim': 2}, {'dim': 3}, {'dim': 4}, {'dim': 10}, {'dim': 2, 'kind': 'abs'}, {'dim': 10, 'kind': 'abs'}, {'dim': 2, 'kind': 'phi'}, {'dim': 10, 'kind': 'phi'}, {'dim': 2, 'kind': 'abs', 'fil': 'star'}, {'dim': 2, 'kind': 'phi', 'fil': 'star'}, {'dim': 2, 'step': 30}, {'dim': 4, 'step': 30}]",features.pkl,train_features.pkl,test_features.pkl,0.2,acc_gyro_event,acc_gyro_timestamp,"[0, 1, 2, 4, 8]",0.0001,"['acc_x', 'acc_y', 'acc_z']","['gyro_x', 'gyro_y', 'gyro_z']","['patient_id', 'measure_id', 'augmented']",packet_start_time,patient_id,measure_id,augmented,train_features.pkl,features_rank.pkl,rfecv_results.pkl,1,False,0,200,1,100,5,all,False,crossval_results.json,rf,200,data,metrics,gini,,sqrt,,0.0,1,2,0.0,,False,0.0,balanced,2984ed34c838b39c92bb0653cd21d549,457e30030e42049eb2800d6ac406b947,60ff066b3df3b447a4e68ee5b597287e,5ae07da25537a02ba81a4c183437c7db,a6ad43c55063b558cfcc47ad377d8cc0,27367548bbd6425176db1a4bab0a2a83,734de3875c6f0a8e4f36d1d039730544,ec24d9f0e15cd800b190f1d48d537eab,5e0d2c76aec3be8a435cc665206c123a,591e8df16f7bc813dabbf76f5f40eb66,bfd96d38b3cdd85fd1665d062cdc1dd6,605fdd9ad0fe55d69207ec5ea6a29048,106d03f4ee9af7319c218b25a32ea092,d7bb2bcb378079cd00d846125afc3101,8b66b9230f556be0e7d4c55b5ac42059,a5aa152a2fd1b8c7f2d12e06681afeb4,2540bb9a31c2ce09ffb979adcbdf4554,5d14c1d130e8c323a9f37ac9b1127dd3,f6ab57ee0ed26060ce79bb78c23db55e
pally-soke,ecc7927,branch_commit,2025-08-21T14:25:43,,Success,Dvc-task,14.025987005233764,0.08477964401245117,0.8878109366541695,0.863266754825213,0.8311014071940853,0.8675191912094942,0.8554896939434162,0.8531649349690305,0.9032826315006149,0.8710615157622948,0.8765567092845286,0.8531800048773464,0.9069231305239672,0.9313333228227106,0.871421186095555,0.9199132636855701,0.8730774621711618,0.8711460914629093,0.921381773748967,0.8710884917722644,0.8976618640563073,0.8621374618968296,0.8886381350362896,0.9262562768620268,0.8709088350407483,465,41,3,3,log2,1.9193373690271412e-05,lab_data,data.pkl,data_prepared.pkl,700,100,42,100,5,None,False,False,diagrams.pkl,5000,"['acc_x', 'acc_y']","['acc_x', 'acc_z']","['acc_y', 'acc_z']","[{'dim': 2}, {'dim': 3}, {'dim': 4}, {'dim': 10}, {'dim': 2, 'kind': 'abs'}, {'dim': 10, 'kind': 'abs'}, {'dim': 2, 'kind': 'phi'}, {'dim': 10, 'kind': 'phi'}, {'dim': 2, 'kind': 'abs', 'fil': 'star'}, {'dim': 2, 'kind': 'phi', 'fil': 'star'}, {'dim': 2, 'step': 30}, {'dim': 4, 'step': 30}]",features.pkl,train_features.pkl,test_features.pkl,0.2,acc_gyro_event,acc_gyro_timestamp,"[0, 1, 2, 4, 8]",0.0001,"['acc_x', 'acc_y', 'acc_z']","['gyro_x', 'gyro_y', 'gyro_z']","['patient_id', 'measure_id', 'augmented']",packet_start_time,patient_id,measure_id,augmented,train_features.pkl,features_rank.pkl,rfecv_results.pkl,1,False,0,200,1,80,5,all,False,crossval_results.json,rf,200,data,metrics,gini,,sqrt,,0.0,1,2,0.0,,False,0.0,balanced,2984ed34c838b39c92bb0653cd21d549,457e30030e42049eb2800d6ac406b947,60ff066b3df3b447a4e68ee5b597287e,5ae07da25537a02ba81a4c183437c7db,a6ad43c55063b558cfcc47ad377d8cc0,27367548bbd6425176db1a4bab0a2a83,734de3875c6f0a8e4f36d1d039730544,ec24d9f0e15cd800b190f1d48d537eab,5e0d2c76aec3be8a435cc665206c123a,591e8df16f7bc813dabbf76f5f40eb66,bfd96d38b3cdd85fd1665d062cdc1dd6,605fdd9ad0fe55d69207ec5ea6a29048,106d03f4ee9af7319c218b25a32ea092,d7bb2bcb378079cd00d846125afc3101,8b66b9230f556be0e7d4c55b5ac42059,a5aa152a2fd1b8c7f2d12e06681afeb4,2540bb9a31c2ce09ffb979adcbdf4554,5d14c1d130e8c323a9f37ac9b1127dd3,f6ab57ee0ed26060ce79bb78c23db55e
gaunt-farl,f3e68f7,branch_commit,2025-08-21T14:24:40,,Success,Dvc-task,12.156691074371338,0.08408966064453124,0.8871301399091657,0.8607203652998076,0.8282087739278314,0.8662907711820415,0.8602691899082163,0.8492857614185023,0.899357462566709,0.8670243468168293,0.8775442325268218,0.8592406546454423,0.9061755645978746,0.9256659009588603,0.8708532287456763,0.9170931620918669,0.8757316459553474,0.8662402566189966,0.9209478191711533,0.868850236203911,0.8968527645896633,0.8669588703613382,0.8857150889903268,0.9232404216158072,0.8709088350407483,465,41,3,3,log2,1.9193373690271412e-05,lab_data,data.pkl,data_prepared.pkl,700,100,42,100,5,None,False,False,diagrams.pkl,5000,"['acc_x', 'acc_y']","['acc_x', 'acc_z']","['acc_y', 'acc_z']","[{'dim': 2}, {'dim': 3}, {'dim': 4}, {'dim': 10}, {'dim': 2, 'kind': 'abs'}, {'dim': 10, 'kind': 'abs'}, {'dim': 2, 'kind': 'phi'}, {'dim': 10, 'kind': 'phi'}, {'dim': 2, 'kind': 'abs', 'fil': 'star'}, {'dim': 2, 'kind': 'phi', 'fil': 'star'}, {'dim': 2, 'step': 30}, {'dim': 4, 'step': 30}]",features.pkl,train_features.pkl,test_features.pkl,0.2,acc_gyro_event,acc_gyro_timestamp,"[0, 1, 2, 4, 8]",0.0001,"['acc_x', 'acc_y', 'acc_z']","['gyro_x', 'gyro_y', 'gyro_z']","['patient_id', 'measure_id', 'augmented']",packet_start_time,patient_id,measure_id,augmented,train_features.pkl,features_rank.pkl,rfecv_results.pkl,1,False,0,200,1,60,5,all,False,crossval_results.json,rf,200,data,metrics,gini,,sqrt,,0.0,1,2,0.0,,False,0.0,balanced,2984ed34c838b39c92bb0653cd21d549,457e30030e42049eb2800d6ac406b947,60ff066b3df3b447a4e68ee5b597287e,5ae07da25537a02ba81a4c183437c7db,a6ad43c55063b558cfcc47ad377d8cc0,27367548bbd6425176db1a4bab0a2a83,734de3875c6f0a8e4f36d1d039730544,ec24d9f0e15cd800b190f1d48d537eab,5e0d2c76aec3be8a435cc665206c123a,591e8df16f7bc813dabbf76f5f40eb66,bfd96d38b3cdd85fd1665d062cdc1dd6,605fdd9ad0fe55d69207ec5ea6a29048,106d03f4ee9af7319c218b25a32ea092,d7bb2bcb378079cd00d846125afc3101,8b66b9230f556be0e7d4c55b5ac42059,a5aa152a2fd1b8c7f2d12e06681afeb4,2540bb9a31c2ce09ffb979adcbdf4554,5d14c1d130e8c323a9f37ac9b1127dd3,f6ab57ee0ed26060ce79bb78c23db55e
mucky-diva,df5ad57,branch_commit,2025-08-21T14:23:39,,Success,Dvc-task,10.18892183303833,0.08963494300842285,0.8781807950363134,0.8507531358959008,0.8191411093183971,0.8580980083356609,0.8401546313967365,0.8337460599562754,0.8952831581400258,0.8603612581653863,0.8710125446434442,0.8433519971881575,0.8930336720895443,0.9231445030950349,0.8637545796981325,0.9110093966615238,0.8533365749482739,0.8557987622321555,0.9172654117495131,0.8618966332221477,0.8905365871352495,0.8480197681627306,0.8740031712845454,0.9201526677807754,0.8709088350407483,465,41,3,3,log2,1.9193373690271412e-05,lab_data,data.pkl,data_prepared.pkl,700,100,42,100,5,None,False,False,diagrams.pkl,5000,"['acc_x', 'acc_y']","['acc_x', 'acc_z']","['acc_y', 'acc_z']","[{'dim': 2}, {'dim': 3}, {'dim': 4}, {'dim': 10}, {'dim': 2, 'kind': 'abs'}, {'dim': 10, 'kind': 'abs'}, {'dim': 2, 'kind': 'phi'}, {'dim': 10, 'kind': 'phi'}, {'dim': 2, 'kind': 'abs', 'fil': 'star'}, {'dim': 2, 'kind': 'phi', 'fil': 'star'}, {'dim': 2, 'step': 30}, {'dim': 4, 'step': 30}]",features.pkl,train_features.pkl,test_features.pkl,0.2,acc_gyro_event,acc_gyro_timestamp,"[0, 1, 2, 4, 8]",0.0001,"['acc_x', 'acc_y', 'acc_z']","['gyro_x', 'gyro_y', 'gyro_z']","['patient_id', 'measure_id', 'augmented']",packet_start_time,patient_id,measure_id,augmented,train_features.pkl,features_rank.pkl,rfecv_results.pkl,1,False,0,200,1,40,5,all,False,crossval_results.json,rf,200,data,metrics,gini,,sqrt,,0.0,1,2,0.0,,False,0.0,balanced,2984ed34c838b39c92bb0653cd21d549,457e30030e42049eb2800d6ac406b947,60ff066b3df3b447a4e68ee5b597287e,5ae07da25537a02ba81a4c183437c7db,a6ad43c55063b558cfcc47ad377d8cc0,27367548bbd6425176db1a4bab0a2a83,734de3875c6f0a8e4f36d1d039730544,ec24d9f0e15cd800b190f1d48d537eab,5e0d2c76aec3be8a435cc665206c123a,591e8df16f7bc813dabbf76f5f40eb66,bfd96d38b3cdd85fd1665d062cdc1dd6,605fdd9ad0fe55d69207ec5ea6a29048,106d03f4ee9af7319c218b25a32ea092,d7bb2bcb378079cd00d846125afc3101,8b66b9230f556be0e7d4c55b5ac42059,a5aa152a2fd1b8c7f2d12e06681afeb4,2540bb9a31c2ce09ffb979adcbdf4554,5d14c1d130e8c323a9f37ac9b1127dd3,f6ab57ee0ed26060ce79bb78c23db55e
eaten-bani,c1b08f7,branch_commit,2025-08-21T14:22:27,,Success,Dvc-task,23.518821954727173,0.09159154891967773,0.8906593916829788,0.8625693785243369,0.8305020861334915,0.8637817373946973,0.8681887024636845,0.8534948907099181,0.9014707811206716,0.8712781352501437,0.8746758030789958,0.873804243446779,0.907090531216135,0.92644824542284,0.8703271207002766,0.9159982555419477,0.8762091503267975,0.8714675502828078,0.9233924678359378,0.8707346675358643,0.8948335974418503,0.8747602828144971,0.8888227996806684,0.9249115763990071,0.8709088350407483,465,41,3,3,log2,1.9193373690271412e-05,lab_data,data.pkl,data_prepared.pkl,700,100,42,100,5,None,False,False,diagrams.pkl,5000,"['acc_x', 'acc_y']","['acc_x', 'acc_z']","['acc_y', 'acc_z']","[{'dim': 2}, {'dim': 3}, {'dim': 4}, {'dim': 10}, {'dim': 2, 'kind': 'abs'}, {'dim': 10, 'kind': 'abs'}, {'dim': 2, 'kind': 'phi'}, {'dim': 10, 'kind': 'phi'}, {'dim': 2, 'kind': 'abs', 'fil': 'star'}, {'dim': 2, 'kind': 'phi', 'fil': 'star'}, {'dim': 2, 'step': 30}, {'dim': 4, 'step': 30}]",features.pkl,train_features.pkl,test_features.pkl,0.2,acc_gyro_event,acc_gyro_timestamp,"[0, 1, 2, 4, 8]",0.0001,"['acc_x', 'acc_y', 'acc_z']","['gyro_x', 'gyro_y', 'gyro_z']","['patient_id', 'measure_id', 'augmented']",packet_start_time,patient_id,measure_id,augmented,train_features.pkl,features_rank.pkl,rfecv_results.pkl,1,False,0,200,0,180,5,all,False,crossval_results.json,rf,200,data,metrics,gini,,sqrt,,0.0,1,2,0.0,,False,0.0,balanced,2984ed34c838b39c92bb0653cd21d549,457e30030e42049eb2800d6ac406b947,60ff066b3df3b447a4e68ee5b597287e,5ae07da25537a02ba81a4c183437c7db,a6ad43c55063b558cfcc47ad377d8cc0,27367548bbd6425176db1a4bab0a2a83,734de3875c6f0a8e4f36d1d039730544,ec24d9f0e15cd800b190f1d48d537eab,5e0d2c76aec3be8a435cc665206c123a,591e8df16f7bc813dabbf76f5f40eb66,bfd96d38b3cdd85fd1665d062cdc1dd6,605fdd9ad0fe55d69207ec5ea6a29048,106d03f4ee9af7319c218b25a32ea092,d7bb2bcb378079cd00d846125afc3101,8b66b9230f556be0e7d4c55b5ac42059,a5aa152a2fd1b8c7f2d12e06681afeb4,2540bb9a31c2ce09ffb979adcbdf4554,5d14c1d130e8c323a9f37ac9b1127dd3,f6ab57ee0ed26060ce79bb78c23db55e
awing-coal,92dcb34,branch_commit,2025-08-21T14:21:13,,Success,Dvc-task,22.20507106781006,0.08959455490112304,0.8905508332316178,0.8637946639733945,0.8322701765528671,0.8667312702003132,0.8641504045252539,0.8551772553670846,0.9014258369401791,0.8725668910751615,0.8756924629797342,0.8678067267392665,0.9091034097138625,0.9275846756500641,0.8717063619098171,0.9194908666308864,0.874545816535683,0.8720550261889809,0.9222680902524442,0.8721127814733641,0.8970428593448642,0.8708804579127243,0.8901214713621574,0.9248977220740275,0.8709088350407483,465,41,3,3,log2,1.9193373690271412e-05,lab_data,data.pkl,data_prepared.pkl,700,100,42,100,5,None,False,False,diagrams.pkl,5000,"['acc_x', 'acc_y']","['acc_x', 'acc_z']","['acc_y', 'acc_z']","[{'dim': 2}, {'dim': 3}, {'dim': 4}, {'dim': 10}, {'dim': 2, 'kind': 'abs'}, {'dim': 10, 'kind': 'abs'}, {'dim': 2, 'kind': 'phi'}, {'dim': 10, 'kind': 'phi'}, {'dim': 2, 'kind': 'abs', 'fil': 'star'}, {'dim': 2, 'kind': 'phi', 'fil': 'star'}, {'dim': 2, 'step': 30}, {'dim': 4, 'step': 30}]",features.pkl,train_features.pkl,test_features.pkl,0.2,acc_gyro_event,acc_gyro_timestamp,"[0, 1, 2, 4, 8]",0.0001,"['acc_x', 'acc_y', 'acc_z']","['gyro_x', 'gyro_y', 'gyro_z']","['patient_id', 'measure_id', 'augmented']",packet_start_time,patient_id,measure_id,augmented,train_features.pkl,features_rank.pkl,rfecv_results.pkl,1,False,0,200,0,160,5,all,False,crossval_results.json,rf,200,data,metrics,gini,,sqrt,,0.0,1,2,0.0,,False,0.0,balanced,2984ed34c838b39c92bb0653cd21d549,457e30030e42049eb2800d6ac406b947,60ff066b3df3b447a4e68ee5b597287e,5ae07da25537a02ba81a4c183437c7db,a6ad43c55063b558cfcc47ad377d8cc0,27367548bbd6425176db1a4bab0a2a83,734de3875c6f0a8e4f36d1d039730544,ec24d9f0e15cd800b190f1d48d537eab,5e0d2c76aec3be8a435cc665206c123a,591e8df16f7bc813dabbf76f5f40eb66,bfd96d38b3cdd85fd1665d062cdc1dd6,605fdd9ad0fe55d69207ec5ea6a29048,106d03f4ee9af7319c218b25a32ea092,d7bb2bcb378079cd00d846125afc3101,8b66b9230f556be0e7d4c55b5ac42059,a5aa152a2fd1b8c7f2d12e06681afeb4,2540bb9a31c2ce09ffb979adcbdf4554,5d14c1d130e8c323a9f37ac9b1127dd3,f6ab57ee0ed26060ce79bb78c23db55e
hefty-ruby,491f61d,branch_commit,2025-08-21T14:20:17,,Success,Dvc-task,20.019799995422364,0.09142699241638183,0.8898604275839815,0.8633616094062493,0.830265026695298,0.8674979920768502,0.863887149822202,0.8518703481896045,0.9043680979061616,0.8703027970626407,0.8753882717969352,0.8654761034330335,0.9083898064640283,0.92974515916327,0.8708905239375943,0.9209401945607096,0.8764435447821171,0.8680426707419304,0.9245943729890926,0.8705218730385276,0.8975649826509396,0.8705559633742815,0.8875881485100848,0.9271517304894527,0.8709088350407483,465,41,3,3,log2,1.9193373690271412e-05,lab_data,data.pkl,data_prepared.pkl,700,100,42,100,5,None,False,False,diagrams.pkl,5000,"['acc_x', 'acc_y']","['acc_x', 'acc_z']","['acc_y', 'acc_z']","[{'dim': 2}, {'dim': 3}, {'dim': 4}, {'dim': 10}, {'dim': 2, 'kind': 'abs'}, {'dim': 10, 'kind': 'abs'}, {'dim': 2, 'kind': 'phi'}, {'dim': 10, 'kind': 'phi'}, {'dim': 2, 'kind': 'abs', 'fil': 'star'}, {'dim': 2, 'kind': 'phi', 'fil': 'star'}, {'dim': 2, 'step': 30}, {'dim': 4, 'step': 30}]",features.pkl,train_features.pkl,test_features.pkl,0.2,acc_gyro_event,acc_gyro_timestamp,"[0, 1, 2, 4, 8]",0.0001,"['acc_x', 'acc_y', 'acc_z']","['gyro_x', 'gyro_y', 'gyro_z']","['patient_id', 'measure_id', 'augmented']",packet_start_time,patient_id,measure_id,augmented,train_features.pkl,features_rank.pkl,rfecv_results.pkl,1,False,0,200,0,140,5,all,False,crossval_results.json,rf,200,data,metrics,gini,,sqrt,,0.0,1,2,0.0,,False,0.0,balanced,2984ed34c838b39c92bb0653cd21d549,457e30030e42049eb2800d6ac406b947,60ff066b3df3b447a4e68ee5b597287e,5ae07da25537a02ba81a4c183437c7db,a6ad43c55063b558cfcc47ad377d8cc0,27367548bbd6425176db1a4bab0a2a83,734de3875c6f0a8e4f36d1d039730544,ec24d9f0e15cd800b190f1d48d537eab,5e0d2c76aec3be8a435cc665206c123a,591e8df16f7bc813dabbf76f5f40eb66,bfd96d38b3cdd85fd1665d062cdc1dd6,605fdd9ad0fe55d69207ec5ea6a29048,106d03f4ee9af7319c218b25a32ea092,d7bb2bcb378079cd00d846125afc3101,8b66b9230f556be0e7d4c55b5ac42059,a5aa152a2fd1b8c7f2d12e06681afeb4,2540bb9a31c2ce09ffb979adcbdf4554,5d14c1d130e8c323a9f37ac9b1127dd3,f6ab57ee0ed26060ce79bb78c23db55e
misty-rook,0d05ffb,branch_commit,2025-08-21T14:19:04,,Success,Dvc-task,18.16124939918518,0.08823537826538086,0.8912655143092734,0.865131415892353,0.8351327745146216,0.8684827237732471,0.8593268648309168,0.8553422991329122,0.9037444793016626,0.8750421814643634,0.8754164514410545,0.8670148425017118,0.9088353022812949,0.9300187938579418,0.87365737695487,0.922421150908783,0.866330188698592,0.8725743915347162,0.9233902940167426,0.874299011046689,0.8982816925467525,0.8662924291854823,0.8902147173758852,0.9266783628957265,0.8709088350407483,465,41,3,3,log2,1.9193373690271412e-05,lab_data,data.pkl,data_prepared.pkl,700,100,42,100,5,None,False,False,diagrams.pkl,5000,"['acc_x', 'acc_y']","['acc_x', 'acc_z']","['acc_y', 'acc_z']","[{'dim': 2}, {'dim': 3}, {'dim': 4}, {'dim': 10}, {'dim': 2, 'kind': 'abs'}, {'dim': 10, 'kind': 'abs'}, {'dim': 2, 'kind': 'phi'}, {'dim': 10, 'kind': 'phi'}, {'dim': 2, 'kind': 'abs', 'fil': 'star'}, {'dim': 2, 'kind': 'phi', 'fil': 'star'}, {'dim': 2, 'step': 30}, {'dim': 4, 'step': 30}]",features.pkl,train_features.pkl,test_features.pkl,0.2,acc_gyro_event,acc_gyro_timestamp,"[0, 1, 2, 4, 8]",0.0001,"['acc_x', 'acc_y', 'acc_z']","['gyro_x', 'gyro_y', 'gyro_z']","['patient_id', 'measure_id', 'augmented']",packet_start_time,patient_id,measure_id,augmented,train_features.pkl,features_rank.pkl,rfecv_results.pkl,1,False,0,200,0,120,5,all,False,crossval_results.json,rf,200,data,metrics,gini,,sqrt,,0.0,1,2,0.0,,False,0.0,balanced,2984ed34c838b39c92bb0653cd21d549,457e30030e42049eb2800d6ac406b947,60ff066b3df3b447a4e68ee5b597287e,5ae07da25537a02ba81a4c183437c7db,a6ad43c55063b558cfcc47ad377d8cc0,27367548bbd6425176db1a4bab0a2a83,734de3875c6f0a8e4f36d1d039730544,ec24d9f0e15cd800b190f1d48d537eab,5e0d2c76aec3be8a435cc665206c123a,591e8df16f7bc813dabbf76f5f40eb66,bfd96d38b3cdd85fd1665d062cdc1dd6,605fdd9ad0fe55d69207ec5ea6a29048,106d03f4ee9af7319c218b25a32ea092,d7bb2bcb378079cd00d846125afc3101,8b66b9230f556be0e7d4c55b5ac42059,a5aa152a2fd1b8c7f2d12e06681afeb4,2540bb9a31c2ce09ffb979adcbdf4554,5d14c1d130e8c323a9f37ac9b1127dd3,f6ab57ee0ed26060ce79bb78c23db55e
ghast-rort,d6a14b8,branch_commit,2025-08-21T14:18:20,,Success,Dvc-task,17.906644821166992,0.08704757690429688,0.8902865523665315,0.865272625959582,0.8357548258257411,0.8669180465849688,0.8574213344984003,0.8572700837927425,0.9037529023567814,0.8738131911946638,0.876402974367472,0.859983970446684,0.9109324848946139,0.930300140929224,0.8757015517585233,0.919081648255214,0.8694273353772696,0.8735076244240325,0.9231258717696657,0.8746804552211203,0.8972117133843259,0.8646028685495045,0.8916368401806747,0.9266790288643953,0.8709088350407483,465,41,3,3,log2,1.9193373690271412e-05,lab_data,data.pkl,data_prepared.pkl,700,100,42,100,5,None,False,False,diagrams.pkl,5000,"['acc_x', 'acc_y']","['acc_x', 'acc_z']","['acc_y', 'acc_z']","[{'dim': 2}, {'dim': 3}, {'dim': 4}, {'dim': 10}, {'dim': 2, 'kind': 'abs'}, {'dim': 10, 'kind': 'abs'}, {'dim': 2, 'kind': 'phi'}, {'dim': 10, 'kind': 'phi'}, {'dim': 2, 'kind': 'abs', 'fil': 'star'}, {'dim': 2, 'kind': 'phi', 'fil': 'star'}, {'dim': 2, 'step': 30}, {'dim': 4, 'step': 30}]",features.pkl,train_features.pkl,test_features.pkl,0.2,acc_gyro_event,acc_gyro_timestamp,"[0, 1, 2, 4, 8]",0.0001,"['acc_x', 'acc_y', 'acc_z']","['gyro_x', 'gyro_y', 'gyro_z']","['patient_id', 'measure_id', 'augmented']",packet_start_time,patient_id,measure_id,augmented,train_features.pkl,features_rank.pkl,rfecv_results.pkl,1,False,0,200,0,100,5,all,False,crossval_results.json,rf,200,data,metrics,gini,,sqrt,,0.0,1,2,0.0,,False,0.0,balanced,2984ed34c838b39c92bb0653cd21d549,457e30030e42049eb2800d6ac406b947,60ff066b3df3b447a4e68ee5b597287e,5ae07da25537a02ba81a4c183437c7db,a6ad43c55063b558cfcc47ad377d8cc0,27367548bbd6425176db1a4bab0a2a83,734de3875c6f0a8e4f36d1d039730544,ec24d9f0e15cd800b190f1d48d537eab,5e0d2c76aec3be8a435cc665206c123a,591e8df16f7bc813dabbf76f5f40eb66,bfd96d38b3cdd85fd1665d062cdc1dd6,605fdd9ad0fe55d69207ec5ea6a29048,106d03f4ee9af7319c218b25a32ea092,d7bb2bcb378079cd00d846125afc3101,8b66b9230f556be0e7d4c55b5ac42059,a5aa152a2fd1b8c7f2d12e06681afeb4,2540bb9a31c2ce09ffb979adcbdf4554,5d14c1d130e8c323a9f37ac9b1127dd3,f6ab57ee0ed26060ce79bb78c23db55e
downy-toby,e2da138,branch_commit,2025-08-21T14:17:05,,Success,Dvc-task,14.290530014038087,0.08699827194213867,0.8876247812695945,0.8612448592767101,0.8273917991668851,0.8647429355957833,0.8593411051544988,0.8519375690864145,0.9019104402806771,0.8687994833181207,0.8739612925655388,0.8596772288119474,0.9053754440561761,0.9303104575961892,0.868056841626452,0.9181710023353185,0.8735214923059036,0.8707492173561577,0.920391422997273,0.8683910022152155,0.8955114321458675,0.8662686201185107,0.8876600430380771,0.9253049276530207,0.8709088350407483,465,41,3,3,log2,1.9193373690271412e-05,lab_data,data.pkl,data_prepared.pkl,700,100,42,100,5,None,False,False,diagrams.pkl,5000,"['acc_x', 'acc_y']","['acc_x', 'acc_z']","['acc_y', 'acc_z']","[{'dim': 2}, {'dim': 3}, {'dim': 4}, {'dim': 10}, {'dim': 2, 'kind': 'abs'}, {'dim': 10, 'kind': 'abs'}, {'dim': 2, 'kind': 'phi'}, {'dim': 10, 'kind': 'phi'}, {'dim': 2, 'kind': 'abs', 'fil': 'star'}, {'dim': 2, 'kind': 'phi', 'fil': 'star'}, {'dim': 2, 'step': 30}, {'dim': 4, 'step': 30}]",features.pkl,train_features.pkl,test_features.pkl,0.2,acc_gyro_event,acc_gyro_timestamp,"[0, 1, 2, 4, 8]",0.0001,"['acc_x', 'acc_y', 'acc_z']","['gyro_x', 'gyro_y', 'gyro_z']","['patient_id', 'measure_id', 'augmented']",packet_start_time,patient_id,measure_id,augmented,train_features.pkl,features_rank.pkl,rfecv_results.pkl,1,False,0,200,0,80,5,all,False,crossval_results.json,rf,200,data,metrics,gini,,sqrt,,0.0,1,2,0.0,,False,0.0,balanced,2984ed34c838b39c92bb0653cd21d549,457e30030e42049eb2800d6ac406b947,60ff066b3df3b447a4e68ee5b597287e,5ae07da25537a02ba81a4c183437c7db,a6ad43c55063b558cfcc47ad377d8cc0,27367548bbd6425176db1a4bab0a2a83,734de3875c6f0a8e4f36d1d039730544,ec24d9f0e15cd800b190f1d48d537eab,5e0d2c76aec3be8a435cc665206c123a,591e8df16f7bc813dabbf76f5f40eb66,bfd96d38b3cdd85fd1665d062cdc1dd6,605fdd9ad0fe55d69207ec5ea6a29048,106d03f4ee9af7319c218b25a32ea092,d7bb2bcb378079cd00d846125afc3101,8b66b9230f556be0e7d4c55b5ac42059,a5aa152a2fd1b8c7f2d12e06681afeb4,2540bb9a31c2ce09ffb979adcbdf4554,5d14c1d130e8c323a9f37ac9b1127dd3,f6ab57ee0ed26060ce79bb78c23db55e
choky-acts,aa9dc69,branch_commit,2025-08-21T14:15:44,,Success,Dvc-task,12.217707538604737,0.08408231735229492,0.8873367470548817,0.8610300433724412,0.8278159023964504,0.8643445372929035,0.858741584065036,0.8485345977503977,0.9047345086236757,0.8672975679772346,0.8759313042477895,0.8587485978148692,0.906665356341651,0.9280409088928652,0.8700513970545123,0.9156487526407464,0.8731908170134794,0.8647510766451928,0.9267717767909996,0.8686132751705792,0.8953129196790481,0.8657779863976108,0.8851043627509094,0.9273909374958494,0.8709088350407483,465,41,3,3,log2,1.9193373690271412e-05,lab_data,data.pkl,data_prepared.pkl,700,100,42,100,5,None,False,False,diagrams.pkl,5000,"['acc_x', 'acc_y']","['acc_x', 'acc_z']","['acc_y', 'acc_z']","[{'dim': 2}, {'dim': 3}, {'dim': 4}, {'dim': 10}, {'dim': 2, 'kind': 'abs'}, {'dim': 10, 'kind': 'abs'}, {'dim': 2, 'kind': 'phi'}, {'dim': 10, 'kind': 'phi'}, {'dim': 2, 'kind': 'abs', 'fil': 'star'}, {'dim': 2, 'kind': 'phi', 'fil': 'star'}, {'dim': 2, 'step': 30}, {'dim': 4, 'step': 30}]",features.pkl,train_features.pkl,test_features.pkl,0.2,acc_gyro_event,acc_gyro_timestamp,"[0, 1, 2, 4, 8]",0.0001,"['acc_x', 'acc_y', 'acc_z']","['gyro_x', 'gyro_y', 'gyro_z']","['patient_id', 'measure_id', 'augmented']",packet_start_time,patient_id,measure_id,augmented,train_features.pkl,features_rank.pkl,rfecv_results.pkl,1,False,0,200,0,60,5,all,False,crossval_results.json,rf,200,data,metrics,gini,,sqrt,,0.0,1,2,0.0,,False,0.0,balanced,2984ed34c838b39c92bb0653cd21d549,457e30030e42049eb2800d6ac406b947,60ff066b3df3b447a4e68ee5b597287e,5ae07da25537a02ba81a4c183437c7db,a6ad43c55063b558cfcc47ad377d8cc0,27367548bbd6425176db1a4bab0a2a83,734de3875c6f0a8e4f36d1d039730544,ec24d9f0e15cd800b190f1d48d537eab,5e0d2c76aec3be8a435cc665206c123a,591e8df16f7bc813dabbf76f5f40eb66,bfd96d38b3cdd85fd1665d062cdc1dd6,605fdd9ad0fe55d69207ec5ea6a29048,106d03f4ee9af7319c218b25a32ea092,d7bb2bcb378079cd00d846125afc3101,8b66b9230f556be0e7d4c55b5ac42059,a5aa152a2fd1b8c7f2d12e06681afeb4,2540bb9a31c2ce09ffb979adcbdf4554,5d14c1d130e8c323a9f37ac9b1127dd3,f6ab57ee0ed26060ce79bb78c23db55e
glial-ruby,eb1891a,branch_base,2025-08-21T14:14:21,,Success,Dvc-task,10.358489036560059,0.08686857223510742,0.8760208393842495,0.8484458600351974,0.8142311049864936,0.8542347799342526,0.8365031688986149,0.8324554412284355,0.8969113740424461,0.8565682081463024,0.8704677569256498,0.8387927650516017,0.893962538828544,0.9203129279691498,0.860066616830659,0.9056985797030854,0.8509513967685809,0.8531226219857769,0.9224766038614289,0.8581735920744507,0.8876861200806923,0.8446398717540816,0.8729671902085119,0.9213891140174051,0.8709088350407483,465,41,3,3,log2,1.9193373690271412e-05,lab_data,data.pkl,data_prepared.pkl,700,100,42,100,5,None,False,False,diagrams.pkl,5000,"['acc_x', 'acc_y']","['acc_x', 'acc_z']","['acc_y', 'acc_z']","[{'dim': 2}, {'dim': 3}, {'dim': 4}, {'dim': 10}, {'dim': 2, 'kind': 'abs'}, {'dim': 10, 'kind': 'abs'}, {'dim': 2, 'kind': 'phi'}, {'dim': 10, 'kind': 'phi'}, {'dim': 2, 'kind': 'abs', 'fil': 'star'}, {'dim': 2, 'kind': 'phi', 'fil': 'star'}, {'dim': 2, 'step': 30}, {'dim': 4, 'step': 30}]",features.pkl,train_features.pkl,test_features.pkl,0.2,acc_gyro_event,acc_gyro_timestamp,"[0, 1, 2, 4, 8]",0.0001,"['acc_x', 'acc_y', 'acc_z']","['gyro_x', 'gyro_y', 'gyro_z']","['patient_id', 'measure_id', 'augmented']",packet_start_time,patient_id,measure_id,augmented,train_features.pkl,features_rank.pkl,rfecv_results.pkl,1,False,0,200,0,40,5,all,False,crossval_results.json,rf,200,data,metrics,gini,,sqrt,,0.0,1,2,0.0,,False,0.0,balanced,2984ed34c838b39c92bb0653cd21d549,457e30030e42049eb2800d6ac406b947,60ff066b3df3b447a4e68ee5b597287e,5ae07da25537a02ba81a4c183437c7db,a6ad43c55063b558cfcc47ad377d8cc0,27367548bbd6425176db1a4bab0a2a83,734de3875c6f0a8e4f36d1d039730544,ec24d9f0e15cd800b190f1d48d537eab,5e0d2c76aec3be8a435cc665206c123a,591e8df16f7bc813dabbf76f5f40eb66,bfd96d38b3cdd85fd1665d062cdc1dd6,605fdd9ad0fe55d69207ec5ea6a29048,106d03f4ee9af7319c218b25a32ea092,d7bb2bcb378079cd00d846125afc3101,8b66b9230f556be0e7d4c55b5ac42059,a5aa152a2fd1b8c7f2d12e06681afeb4,2540bb9a31c2ce09ffb979adcbdf4554,5d14c1d130e8c323a9f37ac9b1127dd3,f6ab57ee0ed26060ce79bb78c23db55e
